{"cameraMode":{"drawMode":0,"name":"Shaded","section":"Shading Mode"},"sceneLighting":false,"audioPlay":false,"sceneViewState":{"showFog":true,"showMaterialUpdate":false,"showSkybox":true,"showFlares":true,"showImageEffects":true,"showParticleSystems":true},"in2DMode":false,"pivot":{"x":-124.15460205078125,"y":-97.01304626464844,"z":104.38633728027344},"rotation":{"x":-0.24986401200294496,"y":0.39013880491256716,"z":-0.11092770099639893,"w":-0.8792708516120911},"size":123.40472412109375,"orthographic":false}