{"cameraMode":{"drawMode":0,"name":"Shaded","section":"Shading Mode"},"sceneLighting":true,"audioPlay":false,"sceneViewState":{"showFog":true,"showMaterialUpdate":false,"showSkybox":true,"showFlares":true,"showImageEffects":true,"showParticleSystems":true},"in2DMode":false,"pivot":{"x":103.56477355957031,"y":-4.866371154785156,"z":-34.78569030761719},"rotation":{"x":-0.0759650319814682,"y":-0.9095022678375244,"z":0.19129697978496552,"w":-0.36116835474967959},"size":10.0,"orthographic":false}